/*
Navicat MySQL Data Transfer

Source Server         : LOCALHOST
Source Server Version : 50516
Source Host           : localhost:3306
Source Database       : trackings

Target Server Type    : MYSQL
Target Server Version : 50516
File Encoding         : 65001

Date: 2013-11-13 22:16:04
*/

SET FOREIGN_KEY_CHECKS=0;
-- ----------------------------
-- Table structure for `categories`
-- ----------------------------
DROP TABLE IF EXISTS `categories`;
CREATE TABLE `categories` (
  `id` binary(16) NOT NULL DEFAULT '\0\0\0\0\0\0\0\0\0\0\0\0\0\0\0\0',
  `name` varchar(200) DEFAULT NULL,
  `image_id` binary(16) DEFAULT NULL,
  `alias` varchar(200) DEFAULT NULL,
  `created` varchar(200) DEFAULT NULL,
  PRIMARY KEY (`id`),
  KEY `image` (`image_id`),
  CONSTRAINT `image` FOREIGN KEY (`image_id`) REFERENCES `images` (`id`) ON DELETE CASCADE ON UPDATE NO ACTION
) ENGINE=InnoDB DEFAULT CHARSET=utf8;

-- ----------------------------
-- Records of categories
-- ----------------------------
INSERT INTO categories VALUES (0x5283830BE20443EFA0E3647C78787878, 'HTML (XHTML, HTML4, HTML5)', 0x52838307F13443F69EE93BFF78787878, 'HTML-(XHTML-HTML4-HTML5)', '1384350330');
INSERT INTO categories VALUES (0x5283837BBCD44CDF8E24422078787878, 'CSS (2.1, CSS3, etc.)', 0x52838377C8E842D2AAFD2AB778787878, 'CSS-(2.1-CSS3-etc)', '1384350508');
INSERT INTO categories VALUES (0x528383BCCFEC4530B4BD13A878787878, 'JavaScript / Ajax', 0x528383BAB274412CA97849CE78787878, 'JavaScript-Ajax', '1384350593');
INSERT INTO categories VALUES (0x528383F9637440778BF5401578787878, 'jQuery', 0x528383F5724440E0BDFA0E5E78787878, 'jQuery', '1384350655');
INSERT INTO categories VALUES (0x528384585F6C41B4B58A169B78787878, 'Popular Frameworks (HTML5 Boilerplate, Twitter Bootstrap, etc.)', 0x5283845653CC47049EC1155B78787878, 'Popular-Frameworks', '1384350716');
INSERT INTO categories VALUES (0x528384805EAC4B359A0F50C678787878, 'Modernizr', 0x5283847D35704CC3B2C174B878787878, 'Modernizr', '1384350837');
INSERT INTO categories VALUES (0x528384D59F1C4F10B6B26CE978787878, 'OOCSS / BEM / SMACSS (Modular coding methodologies)', 0x528384D3CDBC4FCDBD4251BD78787878, 'OOCSS-BEM-SMACSS', '1384350853');
INSERT INTO categories VALUES (0x528385697C9C47BB9496687D78787878, 'CSS Frameworks / Resets', 0x528385672D484469A97C61D578787878, 'CSS-Frameworks-Resets', '1384351045');
INSERT INTO categories VALUES (0x52838578E6B4453988A21C0B78787878, 'CSS Grids', 0x5283850C99E042AEAAEB450278787878, 'CSS-Grids', '1384350951');
INSERT INTO categories VALUES (0x528385E0765845C0AD55140478787878, 'HTML and CSS Specifications (W3C / WHATWG)', 0x528385DEA65446DDB978787878787878, 'HTML-and-CSS-Specifications', '1384351083');
INSERT INTO categories VALUES (0x5283864A40304A4CA0BB789578787878, 'Responsive Web Design', 0x528386485A7C496B97AF148B78787878, 'Responsive-Web-Design', '1384351218');
INSERT INTO categories VALUES (0x5283867648DC4136B0922B5A78787878, 'Canvas', 0x5283867434D847D38546637878787878, 'Canvas', '1384351261');
INSERT INTO categories VALUES (0x528386C93FAC46DFBACA20FD78787878, 'MVC Frameworks (Angular, Backbone, etc.)', 0x528386C8B8404976BF952EE778787878, 'MVC-Frameworks-(Angular-Backbone-etc)', '1384351386');
INSERT INTO categories VALUES (0x528386F73B784D17B578438C78787878, 'MySql', 0x528386F59C1C4278A54A2AFC78787878, 'MySql', '1384351439');
INSERT INTO categories VALUES (0x52838760804841AD822E700178787878, 'NodeJS', 0x5283875EDEBC4669AAF1088478787878, 'NodeJS', '1384351521');
INSERT INTO categories VALUES (0x528387CA68B846D2A9397B2F78787878, 'PHP', 0x528387C24344492192E348A878787878, 'Yii-Cake-WP-etc', '1384351585');
INSERT INTO categories VALUES (0x528388715BEC46A7A8D831D478787878, 'IOS', 0x528388701CA44D8DBE8E204978787878, 'IOS', '1384351806');
INSERT INTO categories VALUES (0x528388784D744794823B61A178787878, 'Android', 0x5283883AE91843B1BBA6099D78787878, 'Android', '1384351732');
INSERT INTO categories VALUES (0x528388CCE1FC49788DBC1CFD78787878, 'ASP .NET', 0x528388CAE2A8413880FA485678787878, 'asp-net', '1384351903');
INSERT INTO categories VALUES (0x528389014C5846368833201378787878, 'Mongodb', 0x528388FF4E484DD6B6A904FE78787878, 'Mongodb', '1384351951');
INSERT INTO categories VALUES (0x528389789914429497A020F678787878, 'Sphinx Search', 0x5283893A30544F7887D32A8978787878, 'sphinx-search', '1384352024');
INSERT INTO categories VALUES (0x5283897F8A784771BEE51CD178787878, 'Elasticsearch', 0x5283897E6F384CD1BF80526778787878, 'elasticsearch', '1384352091');

-- ----------------------------
-- Table structure for `groups`
-- ----------------------------
DROP TABLE IF EXISTS `groups`;
CREATE TABLE `groups` (
  `id` binary(16) NOT NULL DEFAULT '\0\0\0\0\0\0\0\0\0\0\0\0\0\0\0\0',
  `name` varchar(200) NOT NULL,
  `level` tinyint(4) DEFAULT NULL,
  PRIMARY KEY (`id`)
) ENGINE=InnoDB DEFAULT CHARSET=utf8;

-- ----------------------------
-- Records of groups
-- ----------------------------
INSERT INTO groups VALUES (0x502A71209B244A32966E147C78787878, 'Admin', '0');
INSERT INTO groups VALUES (0x502BCC25D378467487CC15C878787878, 'User', '1');

-- ----------------------------
-- Table structure for `images`
-- ----------------------------
DROP TABLE IF EXISTS `images`;
CREATE TABLE `images` (
  `id` binary(16) NOT NULL DEFAULT '\0\0\0\0\0\0\0\0\0\0\0\0\0\0\0\0',
  `name` varchar(200) DEFAULT NULL,
  `created` varchar(200) DEFAULT NULL,
  `status` tinyint(4) DEFAULT '0',
  PRIMARY KEY (`id`)
) ENGINE=InnoDB DEFAULT CHARSET=utf8;

-- ----------------------------
-- Records of images
-- ----------------------------
INSERT INTO images VALUES (0x52838307F13443F69EE93BFF78787878, 'html4-html5.jpg', '1384350471', '0');
INSERT INTO images VALUES (0x52838377C8E842D2AAFD2AB778787878, 'html4-html5.jpg', '1384350583', '0');
INSERT INTO images VALUES (0x528383BAB274412CA97849CE78787878, 'html4-html5.jpg', '1384350650', '0');
INSERT INTO images VALUES (0x528383F5724440E0BDFA0E5E78787878, 'html4-html5.jpg', '1384350709', '0');
INSERT INTO images VALUES (0x5283845653CC47049EC1155B78787878, 'html4-html5.jpg', '1384350806', '0');
INSERT INTO images VALUES (0x5283847D35704CC3B2C174B878787878, 'html4-html5.jpg', '1384350845', '0');
INSERT INTO images VALUES (0x528384D3CDBC4FCDBD4251BD78787878, 'html4-html5.jpg', '1384350931', '0');
INSERT INTO images VALUES (0x5283850C99E042AEAAEB450278787878, 'implicit-columns-and-rows.png', '1384350988', '0');
INSERT INTO images VALUES (0x528385672D484469A97C61D578787878, 'implicit-columns-and-rows.png', '1384351079', '0');
INSERT INTO images VALUES (0x528385DEA65446DDB978787878787878, 'implicit-columns-and-rows.png', '1384351198', '0');
INSERT INTO images VALUES (0x528386485A7C496B97AF148B78787878, 'implicit-columns-and-rows.png', '1384351304', '0');
INSERT INTO images VALUES (0x5283867434D847D38546637878787878, 'implicit-columns-and-rows.png', '1384351348', '0');
INSERT INTO images VALUES (0x528386C8B8404976BF952EE778787878, 'implicit-columns-and-rows.png', '1384351432', '0');
INSERT INTO images VALUES (0x528386F59C1C4278A54A2AFC78787878, 'implicit-columns-and-rows.png', '1384351477', '0');
INSERT INTO images VALUES (0x5283875EDEBC4669AAF1088478787878, 'implicit-columns-and-rows.png', '1384351582', '0');
INSERT INTO images VALUES (0x528387C24344492192E348A878787878, 'implicit-columns-and-rows.png', '1384351682', '0');
INSERT INTO images VALUES (0x5283883AE91843B1BBA6099D78787878, 'implicit-columns-and-rows.png', '1384351802', '0');
INSERT INTO images VALUES (0x528388701CA44D8DBE8E204978787878, 'implicit-columns-and-rows.png', '1384351856', '0');
INSERT INTO images VALUES (0x528388CAE2A8413880FA485678787878, 'implicit-columns-and-rows.png', '1384351946', '0');
INSERT INTO images VALUES (0x528388FF4E484DD6B6A904FE78787878, 'implicit-columns-and-rows.png', '1384351999', '0');
INSERT INTO images VALUES (0x5283893A30544F7887D32A8978787878, 'implicit-columns-and-rows.png', '1384352058', '0');
INSERT INTO images VALUES (0x5283897E6F384CD1BF80526778787878, 'implicit-columns-and-rows.png', '1384352126', '0');

-- ----------------------------
-- Table structure for `map_permissions`
-- ----------------------------
DROP TABLE IF EXISTS `map_permissions`;
CREATE TABLE `map_permissions` (
  `id` binary(16) NOT NULL DEFAULT '\0\0\0\0\0\0\0\0\0\0\0\0\0\0\0\0',
  `group_id` binary(16) DEFAULT NULL,
  `permission_id` binary(16) DEFAULT NULL,
  PRIMARY KEY (`id`)
) ENGINE=InnoDB DEFAULT CHARSET=utf8;

-- ----------------------------
-- Records of map_permissions
-- ----------------------------
INSERT INTO map_permissions VALUES (0x503187CB5B704FB385AE11C878787878, 0x502A71837D044E23A778147C78787878, 0x00000000000000000000000000000000);
INSERT INTO map_permissions VALUES (0x5032669ED92C49BFAB2E020878787878, 0x502BCC25D378467487CC15C878787878, 0x00000000000000000000000000000000);
INSERT INTO map_permissions VALUES (0x5033835B572449398A4010C078787878, 0x502A71209B244A32966E147C78787878, 0x00000000000000000000000000000000);

-- ----------------------------
-- Table structure for `permissions`
-- ----------------------------
DROP TABLE IF EXISTS `permissions`;
CREATE TABLE `permissions` (
  `id` binary(16) NOT NULL DEFAULT '\0\0\0\0\0\0\0\0\0\0\0\0\0\0\0\0',
  `name` varchar(200) DEFAULT NULL,
  `alias` varchar(200) DEFAULT NULL,
  PRIMARY KEY (`id`)
) ENGINE=InnoDB DEFAULT CHARSET=utf8;

-- ----------------------------
-- Records of permissions
-- ----------------------------
INSERT INTO permissions VALUES (0x5030664D387C4CCCB695125078787878, 'Create', 'create');
INSERT INTO permissions VALUES (0x5030666BA394466BA29B125078787878, 'Update', 'update');
INSERT INTO permissions VALUES (0x503067B9B8F44FA78E4D125078787878, 'Remove', 'remove');
INSERT INTO permissions VALUES (0x50306834CE0C46D18A1B125078787878, 'View', 'view');

-- ----------------------------
-- Table structure for `roles`
-- ----------------------------
DROP TABLE IF EXISTS `roles`;
CREATE TABLE `roles` (
  `id` binary(16) NOT NULL DEFAULT '\0\0\0\0\0\0\0\0\0\0\0\0\0\0\0\0',
  `module` varchar(200) DEFAULT NULL,
  `controller` varchar(200) DEFAULT NULL,
  `view` varchar(200) DEFAULT NULL,
  `group_id` binary(16) DEFAULT NULL,
  `map_per` binary(16) DEFAULT NULL,
  PRIMARY KEY (`id`)
) ENGINE=InnoDB DEFAULT CHARSET=utf8;

-- ----------------------------
-- Records of roles
-- ----------------------------
INSERT INTO roles VALUES (0x50318763BDA84BD18BC011C878787878, null, 'Site', 'Error', 0x502A71837D044E23A778147C78787878, 0x503187638078446C8ECF11C878787878);
INSERT INTO roles VALUES (0x50318763C0F44CE599F611C878787878, null, 'Site', 'Index', 0x502A71837D044E23A778147C78787878, 0x503187638078446C8ECF11C878787878);
INSERT INTO roles VALUES (0x503187CB72084B58A78B11C878787878, null, 'Site', 'Contact', 0x502A71837D044E23A778147C78787878, 0x503187CB5B704FB385AE11C878787878);
INSERT INTO roles VALUES (0x503187CB82C046638D2411C878787878, null, 'Site', 'Index', 0x502A71837D044E23A778147C78787878, 0x503187CB5B704FB385AE11C878787878);
INSERT INTO roles VALUES (0x5032669E8AD442A4BAE1020878787878, null, 'Site', 'Index', 0x502BCC25D378467487CC15C878787878, 0x5032669ED92C49BFAB2E020878787878);
INSERT INTO roles VALUES (0x5033835B9BAC439BBEAC10C078787878, null, 'Site', 'Index', 0x502A71209B244A32966E147C78787878, 0x5033835B572449398A4010C078787878);

-- ----------------------------
-- Table structure for `users`
-- ----------------------------
DROP TABLE IF EXISTS `users`;
CREATE TABLE `users` (
  `id` binary(16) NOT NULL DEFAULT '\0\0\0\0\0\0\0\0\0\0\0\0\0\0\0\0',
  `first_name` varchar(200) DEFAULT NULL,
  `last_name` varchar(200) DEFAULT NULL,
  `actived` tinyint(4) DEFAULT '0',
  `birth` date DEFAULT NULL,
  `created` datetime DEFAULT NULL,
  `email` varchar(200) NOT NULL,
  `lastvisit` int(11) DEFAULT NULL,
  `password` text NOT NULL,
  `is_closed` tinyint(4) DEFAULT '0',
  `identity_card` int(10) DEFAULT NULL,
  `group_id` binary(16) DEFAULT NULL,
  `phone` int(11) DEFAULT NULL,
  `gender` tinyint(4) DEFAULT '0',
  `username` varchar(200) DEFAULT NULL,
  `superuser` int(11) DEFAULT '0',
  `public_id` text,
  PRIMARY KEY (`id`),
  UNIQUE KEY `email` (`email`)
) ENGINE=MyISAM DEFAULT CHARSET=utf8;

-- ----------------------------
-- Records of users
-- ----------------------------
INSERT INTO users VALUES (0x502D14A7266445749E7811B078787878, 'Administrator', '', '0', '1989-09-08', '2012-10-02 15:24:29', 'sadmin@tickgoals.com', '1357032845', 'b0731a6e5c87a7edaa610b02c5186a54957e9195', '0', '201576599', 0x502A71209B244A32966E147C78787878, '934477703', null, 'admin', '1', '13496698352588.jpg');
INSERT INTO users VALUES (0x502D257398104517A7F011B078787878, 'Phan', 'Quốc Thịnh', '0', '2012-08-14', '2012-08-30 17:24:05', 'thinhpq@appdev.vn', '1357569585', '9f849b5d8b757f9c87a725e1ecdfc6dc1e935d2d', '0', null, 0x502BCC25D378467487CC15C878787878, null, null, null, '0', '13496115462044.jpg');
INSERT INTO users VALUES (0x50E2DBED6DF847BAB44D764978787878, 'Trương', 'Phì', '0', null, '2013-01-01 13:51:57', 'funnylove_ofme@yahoo.com', '1357455776', '38cbbca80693909a0c465321469034c896af83fe', '0', null, 0x502BCC25D378467487CC15C878787878, null, '0', null, '0', null);
INSERT INTO users VALUES (0x50E2DCA443304CB28770059778787878, 'Nguyễn Như Bảo ', 'Ngọc Lợi', '0', '2013-01-01', '2013-01-01 13:55:00', 'baonn@webdev.vn', null, 'b0731a6e5c87a7edaa610b02c5186a54957e9195', '0', null, 0x502BCC25D378467487CC15C878787878, null, '0', null, '0', null);
INSERT INTO users VALUES (0x50E715DB067C4949B12E590278787878, 'linh', 'test', '0', '2013-01-04', '2013-01-04 18:48:11', 'linhdv@appdev.vn', '1357323677', '0d282cda4da6a379928eb2c520bd669906135a3f', '0', null, 0x502BCC25D378467487CC15C878787878, null, '0', null, '0', null);
INSERT INTO users VALUES (0x50EAC8FA150441F89CF2246378787878, 'thinhpq', 'Twitter', '0', null, '2013-01-07 14:09:14', 'thinhpq1@twitter.com', '1357572478', 'eed744901e41f9313d6201578802326f2a1af58c', '0', null, 0x502BCC25D378467487CC15C878787878, null, '0', null, '0', null);
